Audiofilename,Starttime,Endtime
SanctSound_GR03_05_5421_201005023324part1.wav,436.8086875,439.2803875
SanctSound_GR03_05_5421_201005023324part1.wav,476.3558875,478.8275875
SanctSound_GR03_05_5421_201005023324part1.wav,508.48798750000003,510.95968750000003
SanctSound_GR03_05_5421_201005023324part1.wav,664.2050875,666.6767875
SanctSound_GR03_06_671666216_210720141428part1.wav,943.1027750000001,944.3416000000001
SanctSound_GR03_06_671666216_210720141428part1.wav,1008.7605000000001,1009.999325
SanctSound_GR03_06_671666216_210720141428part1.wav,1014.9546250000001,1017.432275
SanctSound_GR03_06_671666216_210720141428part1.wav,1053.3582000000001,1054.597025
