Audiofilename,Starttime,Endtime,Q
SanctSound_GR03_06_671666216_210720141428part1.wav,479.18838947,479.759273153,B
SanctSound_GR03_06_671666216_210720141428part1.wav,499.80493968,501.470017087,B
SanctSound_GR03_06_671666216_210720141428part1.wav,529.630813907,530.572771983,B
SanctSound_GR03_06_671666216_210720141428part1.wav,882.276861858,882.838230812,B
SanctSound_GR03_06_671666216_210720141428part1.wav,962.638450087,963.589922891,B
SanctSound_GR03_06_671666216_210720141428part1.wav,1043.839192099,1044.381531597,B
