Audiofilename,Starttime,Endtime,Q
SanctSound_GR03_05_5421_210120133948part1.wav,253.652688848,255.28922207,B
SanctSound_GR03_05_5421_210120133948part1.wav,526.858219474,532.043746254,B
SanctSound_GR03_05_5421_210120133948part1.wav,719.7021696,720.805878053,B
