Audiofilename,Starttime,Endtime,Q
SanctSound_GR03_05_5421_201005143324part1.wav,89.29037931,90.108096264,B
SanctSound_GR03_05_5421_201005143324part1.wav,203.991250349,204.602755934,B
SanctSound_GR03_05_5421_201005143324part1.wav,850.352172797,854.088220615,B
SanctSound_GR03_05_5421_201005143324part1.wav,860.122837369,861.144805606,B
