Audiofilename,Starttime,Endtime,Q
SanctSound_GR03_06_671666216_210420144227part1.wav,612.475736402,613.0180759,E
