Audiofilename,Starttime,Endtime,Q
SanctSound_GR03_05_5421_210120013948part1.wav,435.277346026,438.818861297,E
