Audiofilename,Starttime,Endtime,Q
SanctSound_GR03_05_5421_201005023324part1.wav,73.475196275,75.765451152,E
SanctSound_GR03_05_5421_201005023324part1.wav,321.704040729,325.107175,E
SanctSound_GR03_05_5421_201005023324part1.wav,341.69356538,344.248533879,E
SanctSound_GR03_05_5421_201005023324part1.wav,436.410841361,436.808746291,E
SanctSound_GR03_05_5421_201005023324part1.wav,508.693563285,509.321834228,E
SanctSound_GR03_05_5421_201005023324part1.wav,686.133352509,687.452721488,E
SanctSound_GR03_05_5421_201005023324part1.wav,986.353259839,986.939646051,E
SanctSound_GR03_05_5421_201005023324part1.wav,1132.039120201,1134.929166536,E
SanctSound_GR03_05_5421_201005023324part1.wav,2.270725489,5.983031891,E
