Audiofilename,Starttime,Endtime,Q
SanctSound_GR03_05_5421_210120133948part1.wav,76.879061053,77.282477958,E
SanctSound_GR03_05_5421_210120133948part1.wav,884.156969434,884.718338388,E
