Audiofilename,Starttime,Endtime,Q
SanctSound_GR03_05_5421_201005143324part1.wav,18.19704023,18.512304598,E
SanctSound_GR03_05_5421_201005143324part1.wav,93.172347701,93.35953592,E
SanctSound_GR03_05_5421_201005143324part1.wav,432.015271117,433.447702007,E
SanctSound_GR03_05_5421_201005143324part1.wav,521.439098146,521.723908966,E
