Audiofilename,Starttime,Endtime,Q
SanctSound_GR03_06_671666216_210720141428part1.wav,292.919114395,295.954312639,E
SanctSound_GR03_06_671666216_210720141428part1.wav,610.887711564,611.258785958,E
SanctSound_GR03_06_671666216_210720141428part1.wav,807.79351784,808.174106962,E
SanctSound_GR03_06_671666216_210720141428part1.wav,911.226448382,912.196950642,E
SanctSound_GR03_06_671666216_210720141428part1.wav,932.994288416,934.431012349,E
SanctSound_GR03_06_671666216_210720141428part1.wav,1189.470961307,1190.003786077,E
