Audiofilename,Starttime,Endtime,Q
SanctSound_GR03_05_5421_201005143324part1.wav,21.211755747,21.536872126,A
SanctSound_GR03_05_5421_201005143324part1.wav,887.61706791,887.918632308,A
SanctSound_GR03_05_5421_201005143324part1.wav,885.053770528,885.589885013,A
SanctSound_GR03_05_5421_201005143324part1.wav,1084.628606828,1085.022315903,A
