Audiofilename,Starttime,Endtime,Q
SanctSound_GR03_05_5421_210120133948part1.wav,98.882949433,99.444318387,A
SanctSound_GR03_05_5421_210120133948part1.wav,103.84012274,104.097020397,A
SanctSound_GR03_05_5421_210120133948part1.wav,166.963814205,167.201682406,A
SanctSound_GR03_05_5421_210120133948part1.wav,533.004733785,533.518529099,A
SanctSound_GR03_05_5421_210120133948part1.wav,599.191234955,599.619397716,A
SanctSound_GR03_05_5421_210120133948part1.wav,662.55279462,662.857265917,A
SanctSound_GR03_05_5421_210120133948part1.wav,857.680279476,857.842029853,A
