Audiofilename,Starttime,Endtime,Q
SanctSound_GR03_05_5421_210120133948part1.wav,452.642220564,453.498546087,D
SanctSound_GR03_05_5421_210120133948part1.wav,717.294943407,719.521389768,D
SanctSound_GR03_05_5421_210120133948part1.wav,1146.936223577,1148.648874623,D
