Audiofilename,Starttime,Endtime,Q
SanctSound_GR03_06_671666216_210720141428part1.wav,250.117016572,250.65935607,D
SanctSound_GR03_06_671666216_210720141428part1.wav,360.228353473,360.694575147,D
SanctSound_GR03_06_671666216_210720141428part1.wav,588.615598676,589.205511814,D
SanctSound_GR03_06_671666216_210720141428part1.wav,919.70313834,920.312080935,D
SanctSound_GR03_06_671666216_210720141428part1.wav,976.433873018,977.242624901,D
