Audiofilename,Starttime,Endtime,Q
SanctSound_GR03_06_671666216_210420144227part1.wav,45.228349191,45.662212655,D
SanctSound_GR03_06_671666216_210420144227part1.wav,270.09514728,270.837296067,D
SanctSound_GR03_06_671666216_210420144227part1.wav,697.833481843,698.442424437,D
SanctSound_GR03_06_671666216_210420144227part1.wav,701.353931216,703.493812302,D
SanctSound_GR03_06_671666216_210420144227part1.wav,959.528056989,961.65935607,D
