Audiofilename,Starttime,Endtime,Q
SanctSound_GR03_05_5421_201005143324part1.wav,99.620676724,101.807823276,D
SanctSound_GR03_05_5421_201005143324part1.wav,170.018433246,170.328374433,D
SanctSound_GR03_05_5421_201005143324part1.wav,338.228962565,338.597541274,D
SanctSound_GR03_05_5421_201005143324part1.wav,792.84734627,793.232678556,D
SanctSound_GR03_05_5421_201005143324part1.wav,862.434831086,862.97932236,D
