Audiofilename,Starttime,Endtime,Q
SanctSound_GR03_06_671666216_210420024227part1.wav,452.569097328,452.778421345,G
SanctSound_GR03_06_671666216_210420024227part1.wav,734.27128009,734.423515739,G
SanctSound_GR03_06_671666216_210420024227part1.wav,968.870700543,969.346436945,G
