Audiofilename,Starttime,Endtime,Q
SanctSound_GR03_06_671666216_210720141428part1.wav,1053.713614355,1054.874411176,F
SanctSound_GR03_06_671666216_210720141428part1.wav,1059.431965905,1061.0589844,F
SanctSound_GR03_06_671666216_210720141428part1.wav,1055.506277926,1057.108034495,F
