Audiofilename,Starttime,Endtime,Q
SanctSound_GR03_05_5421_210120133948part1.wav,215.683140144,219.688840648,F
SanctSound_GR03_05_5421_210120133948part1.wav,220.810645833,222.922915458,F
SanctSound_GR03_05_5421_210120133948part1.wav,313.807785165,316.053260982,F
SanctSound_GR03_05_5421_210120133948part1.wav,836.188374286,841.725946004,F
SanctSound_GR03_05_5421_210120133948part1.wav,843.485237968,849.136986422,F
SanctSound_GR03_05_5421_210120133948part1.wav,912.222618974,913.174091778,F
SanctSound_GR03_05_5421_210120133948part1.wav,1165.031370857,1166.553727343,F
SanctSound_GR03_05_5421_210120133948part1.wav,1168.503313868,1169.844890521,F
