Audiofilename,Starttime,Endtime,Q
SanctSound_GR03_05_5421_201005143324part1.wav,23.221566092,23.53683046,F
