Audiofilename,Starttime,Endtime,Q
SanctSound_GR03_06_671666216_210720021428part1.wav,731.278791151,733.762135169,F
SanctSound_GR03_06_671666216_210720021428part1.wav,1194.338715985,1196.612735986,F
